{"cameraMode":{"drawMode":0,"name":"Shaded","section":"Shading Mode"},"sceneLighting":false,"audioPlay":false,"sceneViewState":{"m_AlwaysRefresh":false,"showFog":true,"showSkybox":false,"showFlares":true,"showImageEffects":true,"showParticleSystems":true,"showVisualEffectGraphs":true,"m_FxEnabled":true},"in2DMode":false,"pivot":{"x":0.6541600227355957,"y":1.3766608238220215,"z":-4.659284591674805},"rotation":{"x":0.12860703468322755,"y":0.6452022790908814,"z":-0.11137427389621735,"w":0.7448579668998718},"size":2.0436346530914308,"orthographic":false}