{"cameraMode":{"drawMode":0,"name":"Shaded","section":"Shading Mode"},"sceneLighting":true,"audioPlay":false,"sceneViewState":{"m_AlwaysRefresh":false,"showFog":true,"showSkybox":true,"showFlares":true,"showImageEffects":true,"showParticleSystems":true,"showVisualEffectGraphs":true,"m_FxEnabled":true},"in2DMode":false,"pivot":{"x":-0.8174562454223633,"y":1.6198291778564454,"z":4.623491287231445},"rotation":{"x":-0.31501758098602297,"y":0.6623961925506592,"z":-0.36320164799690249,"w":-0.5745755434036255},"size":11.881319046020508,"orthographic":false}